method,display_name,threshold,stored_min_score,class_sensitive_map50,class_sensitive_recall50,class_sensitive_precision50,localization_map50,localization_recall50,localization_precision50,run_dir
berrymtl_specialist_adapter_fusion,BerryMTL-SpecialistAdapterFusion (ours),0.0,0.0005463558031519,0.3718364139927505,0.5602988260405549,0.4134672179562906,0.5360835352136228,0.6093916755602988,0.449694821815318,.\outputs\fresh_benchmark_514\03_detection\runs\20260705_134300_berrymtl_specialist_adapter_fusion_seed42
berrymtl_specialist_adapter_fusion,BerryMTL-SpecialistAdapterFusion (ours),0.03,0.0005463558031519,0.36913502806269893,0.5496264674493063,0.5215189873417722,0.5303795390383252,0.598452508004269,0.5678481012658227,.\outputs\fresh_benchmark_514\03_detection\runs\20260705_134300_berrymtl_specialist_adapter_fusion_seed42
berrymtl_specialist_adapter_fusion,BerryMTL-SpecialistAdapterFusion (ours),0.05,0.0005463558031519,0.36588947597901045,0.5386872998932765,0.5603663613655288,0.5238915088385983,0.5875133404482391,0.611157368859284,.\outputs\fresh_benchmark_514\03_detection\runs\20260705_134300_berrymtl_specialist_adapter_fusion_seed42
berrymtl_specialist_adapter_fusion,BerryMTL-SpecialistAdapterFusion (ours),0.08,0.0005463558031519,0.35940480162670246,0.5197438633938101,0.6172370088719898,0.5103052028035249,0.566435432230523,0.6726869455006337,.\outputs\fresh_benchmark_514\03_detection\runs\20260705_134300_berrymtl_specialist_adapter_fusion_seed42
berrymtl_specialist_adapter_fusion,BerryMTL-SpecialistAdapterFusion (ours),0.1,0.0005463558031519,0.3509351364361668,0.5002668089647813,0.6443298969072165,0.4945019553543176,0.5434898612593383,0.7,.\outputs\fresh_benchmark_514\03_detection\runs\20260705_134300_berrymtl_specialist_adapter_fusion_seed42
berrymtl_specialist_adapter_fusion,BerryMTL-SpecialistAdapterFusion (ours),0.12,0.0005463558031519,0.3420164365312031,0.4815901814300961,0.6722532588454376,0.4783072145317995,0.5208110992529349,0.7270018621973929,.\outputs\fresh_benchmark_514\03_detection\runs\20260705_134300_berrymtl_specialist_adapter_fusion_seed42
berrymtl_specialist_adapter_fusion,BerryMTL-SpecialistAdapterFusion (ours),0.15,0.0005463558031519,0.32861027587570896,0.4487726787620064,0.7079124579124579,0.45043142233643196,0.4834578441835646,0.7626262626262627,.\outputs\fresh_benchmark_514\03_detection\runs\20260705_134300_berrymtl_specialist_adapter_fusion_seed42
berrymtl_specialist_adapter_fusion,BerryMTL-SpecialistAdapterFusion (ours),0.2,0.0005463558031519,0.2997690785222821,0.39300960512273214,0.78101802757158,0.3997129578832165,0.419957310565635,0.8345705196182397,.\outputs\fresh_benchmark_514\03_detection\runs\20260705_134300_berrymtl_specialist_adapter_fusion_seed42
berrymtl_specialist_adapter_fusion,BerryMTL-SpecialistAdapterFusion (ours),0.3,0.0005463558031519,0.22410131571185826,0.25693703308431165,0.8842975206611571,0.2689077370306264,0.2740128068303095,0.9430670339761249,.\outputs\fresh_benchmark_514\03_detection\runs\20260705_134300_berrymtl_specialist_adapter_fusion_seed42
berrymtl_specialist_adapter_fusion,BerryMTL-SpecialistAdapterFusion (ours),0.5,0.0005463558031519,0.038191429662800015,0.04775880469583778,0.93717277486911,0.04942036288739507,0.049893276414087515,0.9790575916230366,.\outputs\fresh_benchmark_514\03_detection\runs\20260705_134300_berrymtl_specialist_adapter_fusion_seed42
berrymtl_specialist_adapter_fusion_uncertainty,BerryMTL-SpecialistAdapterFusion-UW (ours),0.0,0.0009882054420363,0.37139324826618,0.5643009605122732,0.41617473435655256,0.539889351575938,0.6123265741728922,0.45159386068476975,.\outputs\fresh_benchmark_514\03_detection\runs\20260705_142348_berrymtl_specialist_adapter_fusion_uncertainty_seed42
berrymtl_specialist_adapter_fusion_uncertainty,BerryMTL-SpecialistAdapterFusion-UW (ours),0.03,0.0009882054420363,0.36865735203238753,0.5538954108858057,0.5239777889954569,0.5344475280644637,0.6019210245464247,0.569409389197375,.\outputs\fresh_benchmark_514\03_detection\runs\20260705_142348_berrymtl_specialist_adapter_fusion_uncertainty_seed42
berrymtl_specialist_adapter_fusion_uncertainty,BerryMTL-SpecialistAdapterFusion-UW (ours),0.05,0.0009882054420363,0.3646465587004061,0.5432230522945571,0.5632088520055325,0.5279534681850815,0.5909818569903948,0.6127247579529738,.\outputs\fresh_benchmark_514\03_detection\runs\20260705_142348_berrymtl_specialist_adapter_fusion_uncertainty_seed42
berrymtl_specialist_adapter_fusion_uncertainty,BerryMTL-SpecialistAdapterFusion-UW (ours),0.08,0.0009882054420363,0.3597695827234004,0.5253468516542156,0.6184045226130653,0.5143511128840504,0.5699039487726788,0.6708542713567839,.\outputs\fresh_benchmark_514\03_detection\runs\20260705_142348_berrymtl_specialist_adapter_fusion_uncertainty_seed42
berrymtl_specialist_adapter_fusion_uncertainty,BerryMTL-SpecialistAdapterFusion-UW (ours),0.1,0.0009882054420363,0.3511166992787732,0.5093383137673426,0.6495406600884654,0.5009623516356244,0.55042689434365,0.7019394351820347,.\outputs\fresh_benchmark_514\03_detection\runs\20260705_142348_berrymtl_specialist_adapter_fusion_uncertainty_seed42
berrymtl_specialist_adapter_fusion_uncertainty,BerryMTL-SpecialistAdapterFusion-UW (ours),0.12,0.0009882054420363,0.3430274169619345,0.48799359658484526,0.6741614448949502,0.48397409604920055,0.5266808964781217,0.7276078142277921,.\outputs\fresh_benchmark_514\03_detection\runs\20260705_142348_berrymtl_specialist_adapter_fusion_uncertainty_seed42
berrymtl_specialist_adapter_fusion_uncertainty,BerryMTL-SpecialistAdapterFusion-UW (ours),0.15,0.0009882054420363,0.3337504051848198,0.461846318036286,0.7138144329896907,0.4615349746820419,0.4965314834578442,0.7674226804123712,.\outputs\fresh_benchmark_514\03_detection\runs\20260705_142348_berrymtl_specialist_adapter_fusion_uncertainty_seed42
berrymtl_specialist_adapter_fusion_uncertainty,BerryMTL-SpecialistAdapterFusion-UW (ours),0.2,0.0009882054420363,0.3001680901731969,0.4012806830309498,0.7780651836523539,0.4073060985654404,0.42849519743863396,0.8308329022245214,.\outputs\fresh_benchmark_514\03_detection\runs\20260705_142348_berrymtl_specialist_adapter_fusion_uncertainty_seed42
berrymtl_specialist_adapter_fusion_uncertainty,BerryMTL-SpecialistAdapterFusion-UW (ours),0.3,0.0009882054420363,0.2284508548763034,0.2724119530416222,0.883982683982684,0.2832683868597749,0.2894877267876201,0.9393939393939394,.\outputs\fresh_benchmark_514\03_detection\runs\20260705_142348_berrymtl_specialist_adapter_fusion_uncertainty_seed42
berrymtl_specialist_adapter_fusion_uncertainty,BerryMTL-SpecialistAdapterFusion-UW (ours),0.5,0.0009882054420363,0.051446232452518025,0.061899679829242264,0.9469387755102041,0.0636485907640047,0.06430096051227321,0.9836734693877551,.\outputs\fresh_benchmark_514\03_detection\runs\20260705_142348_berrymtl_specialist_adapter_fusion_uncertainty_seed42
berrymtl_teacher_aligned_det,BerryMTL-TeacherAlignedDet (ours),0.0,0.001209233091594,0.3687990985192913,0.5400213447171825,0.4071615369141018,0.5169933644899627,0.5872465314834578,0.4427680547173607,.\outputs\fresh_benchmark_514\03_detection\runs\20260704_215800_berrymtl_teacher_aligned_det_seed42
berrymtl_teacher_aligned_det,BerryMTL-TeacherAlignedDet (ours),0.03,0.001209233091594,0.36592053641048317,0.528281750266809,0.5207785376117833,0.5106674473008086,0.575240128068303,0.5670699631772751,.\outputs\fresh_benchmark_514\03_detection\runs\20260704_215800_berrymtl_teacher_aligned_det_seed42
berrymtl_teacher_aligned_det,BerryMTL-TeacherAlignedDet (ours),0.05,0.001209233091594,0.36214175549115046,0.5178762006403416,0.5634252539912917,0.5040296676591881,0.564034151547492,0.6136429608127721,.\outputs\fresh_benchmark_514\03_detection\runs\20260704_215800_berrymtl_teacher_aligned_det_seed42
berrymtl_teacher_aligned_det,BerryMTL-TeacherAlignedDet (ours),0.08,0.001209233091594,0.35201164423997416,0.4957310565635005,0.617686170212766,0.4876802167514451,0.5386872998932765,0.6712101063829787,.\outputs\fresh_benchmark_514\03_detection\runs\20260704_215800_berrymtl_teacher_aligned_det_seed42
berrymtl_teacher_aligned_det,BerryMTL-TeacherAlignedDet (ours),0.1,0.001209233091594,0.34519673441050075,0.4794557097118463,0.6539301310043668,0.4745699974527853,0.5197438633938101,0.7088791848617176,.\outputs\fresh_benchmark_514\03_detection\runs\20260704_215800_berrymtl_teacher_aligned_det_seed42
berrymtl_teacher_aligned_det,BerryMTL-TeacherAlignedDet (ours),0.12,0.001209233091594,0.3331215839839304,0.45757737459978653,0.681637519872814,0.4567848860860487,0.4951974386339381,0.7376788553259142,.\outputs\fresh_benchmark_514\03_detection\runs\20260704_215800_berrymtl_teacher_aligned_det_seed42
berrymtl_teacher_aligned_det,BerryMTL-TeacherAlignedDet (ours),0.15,0.001209233091594,0.31678963147543604,0.4247598719316969,0.7366959740860712,0.4275599635339814,0.4567769477054429,0.7922258213789912,.\outputs\fresh_benchmark_514\03_detection\runs\20260704_215800_berrymtl_teacher_aligned_det_seed42
berrymtl_teacher_aligned_det,BerryMTL-TeacherAlignedDet (ours),0.2,0.001209233091594,0.28173518495668365,0.3511205976520811,0.807361963190184,0.3591957066812529,0.37433297758804696,0.8607361963190184,.\outputs\fresh_benchmark_514\03_detection\runs\20260704_215800_berrymtl_teacher_aligned_det_seed42
berrymtl_teacher_aligned_det,BerryMTL-TeacherAlignedDet (ours),0.3,0.001209233091594,0.18285768750379777,0.2022411953041622,0.9154589371980676,0.21173321064309203,0.21451440768409819,0.9710144927536232,.\outputs\fresh_benchmark_514\03_detection\runs\20260704_215800_berrymtl_teacher_aligned_det_seed42
berrymtl_teacher_aligned_det,BerryMTL-TeacherAlignedDet (ours),0.5,0.001209233091594,0.009227147794488555,0.011739594450373533,0.9777777777777777,0.01200640341515475,0.01200640341515475,1.0,.\outputs\fresh_benchmark_514\03_detection\runs\20260704_215800_berrymtl_teacher_aligned_det_seed42
berrymtl_specialist_guided_distill,BerryMTL-SpecialistGuidedDistill (ours),0.0,0.0015630214764975,0.35387695837650757,0.5688367129135539,0.4343928280358598,0.5458433139958296,0.6192636072572039,0.47290138549307253,.\outputs\fresh_benchmark_514\03_detection\runs\20260705_130302_berrymtl_specialist_guided_distill_seed42
berrymtl_specialist_guided_distill,BerryMTL-SpecialistGuidedDistill (ours),0.03,0.0015630214764975,0.350253864179449,0.554162219850587,0.5373868046571798,0.5374328401509909,0.6037886872998933,0.5855109961190168,.\outputs\fresh_benchmark_514\03_detection\runs\20260705_130302_berrymtl_specialist_guided_distill_seed42
berrymtl_specialist_guided_distill,BerryMTL-SpecialistGuidedDistill (ours),0.05,0.0015630214764975,0.34844171413745495,0.5472251867662753,0.5770962296004502,0.5330436976975456,0.5965848452508005,0.6291502532357907,.\outputs\fresh_benchmark_514\03_detection\runs\20260705_130302_berrymtl_specialist_guided_distill_seed42
berrymtl_specialist_guided_distill,BerryMTL-SpecialistGuidedDistill (ours),0.08,0.0015630214764975,0.3422589641168188,0.5261472785485592,0.6179880915073644,0.5172112616541298,0.5723052294557097,0.6722030711375744,.\outputs\fresh_benchmark_514\03_detection\runs\20260705_130302_berrymtl_specialist_guided_distill_seed42
berrymtl_specialist_guided_distill,BerryMTL-SpecialistGuidedDistill (ours),0.1,0.0015630214764975,0.33653897411360023,0.5117395944503735,0.6451395896400942,0.5064053786700731,0.5565635005336179,0.701648166834847,.\outputs\fresh_benchmark_514\03_detection\runs\20260705_130302_berrymtl_specialist_guided_distill_seed42
berrymtl_specialist_guided_distill,BerryMTL-SpecialistGuidedDistill (ours),0.12,0.0015630214764975,0.3321822061428311,0.49599786552828173,0.6689456639078806,0.4938277670897389,0.5389541088580576,0.7268801727240014,.\outputs\fresh_benchmark_514\03_detection\runs\20260705_130302_berrymtl_specialist_guided_distill_seed42
berrymtl_specialist_guided_distill,BerryMTL-SpecialistGuidedDistill (ours),0.15,0.0015630214764975,0.3182793496804045,0.47038420490928495,0.6996031746031746,0.4716746393357764,0.5090715048025614,0.7571428571428571,.\outputs\fresh_benchmark_514\03_detection\runs\20260705_130302_berrymtl_specialist_guided_distill_seed42
berrymtl_specialist_guided_distill,BerryMTL-SpecialistGuidedDistill (ours),0.2,0.0015630214764975,0.292761063230308,0.4186232657417289,0.7546897546897547,0.4266358846456262,0.45170757737459977,0.8143338143338144,.\outputs\fresh_benchmark_514\03_detection\runs\20260705_130302_berrymtl_specialist_guided_distill_seed42
berrymtl_specialist_guided_distill,BerryMTL-SpecialistGuidedDistill (ours),0.3,0.0015630214764975,0.2397042235069257,0.31963713980789754,0.8424753867791842,0.3319808845436214,0.34231590181430094,0.9022503516174403,.\outputs\fresh_benchmark_514\03_detection\runs\20260705_130302_berrymtl_specialist_guided_distill_seed42
berrymtl_specialist_guided_distill,BerryMTL-SpecialistGuidedDistill (ours),0.5,0.0015630214764975,0.07180879427328797,0.1056563500533618,0.9428571428571428,0.10961719266148295,0.1107257203842049,0.9880952380952381,.\outputs\fresh_benchmark_514\03_detection\runs\20260705_130302_berrymtl_specialist_guided_distill_seed42
berrymtl_centerdet_hitile_quality,BerryMTL-HiTile-QualityDet (ours),0.0,0.0009309731722065,0.3364136857603444,0.5328175026680897,0.3880684026428294,0.4966613099264575,0.5789754535752402,0.42168674698795183,.\outputs\fresh_benchmark_514\03_detection\runs\20260704_213802_berrymtl_centerdet_hitile_quality_seed42
berrymtl_centerdet_hitile_quality,BerryMTL-HiTile-QualityDet (ours),0.03,0.0009309731722065,0.3345157533659696,0.522145144076841,0.49974463738508684,0.4906654509216138,0.5669690501600854,0.5426455566905005,.\outputs\fresh_benchmark_514\03_detection\runs\20260704_213802_berrymtl_centerdet_hitile_quality_seed42
berrymtl_centerdet_hitile_quality,BerryMTL-HiTile-QualityDet (ours),0.05,0.0009309731722065,0.33115169931842175,0.5106723585912487,0.5346368715083799,0.48385703147000036,0.5549626467449307,0.5810055865921788,.\outputs\fresh_benchmark_514\03_detection\runs\20260704_213802_berrymtl_centerdet_hitile_quality_seed42
berrymtl_centerdet_hitile_quality,BerryMTL-HiTile-QualityDet (ours),0.08,0.0009309731722065,0.3233823052322545,0.48745997865528284,0.5922204213938411,0.4667136131279589,0.5272145144076841,0.6405186385737439,.\outputs\fresh_benchmark_514\03_detection\runs\20260704_213802_berrymtl_centerdet_hitile_quality_seed42
berrymtl_centerdet_hitile_quality,BerryMTL-HiTile-QualityDet (ours),0.1,0.0009309731722065,0.3169244763096595,0.47118463180362863,0.628022759601707,0.4545587268728467,0.5088046958377801,0.6781650071123755,.\outputs\fresh_benchmark_514\03_detection\runs\20260704_213802_berrymtl_centerdet_hitile_quality_seed42
berrymtl_centerdet_hitile_quality,BerryMTL-HiTile-QualityDet (ours),0.12,0.0009309731722065,0.3038028875476216,0.45010672358591247,0.6662717219589257,0.43754698041005036,0.48452508004268946,0.717219589257504,.\outputs\fresh_benchmark_514\03_detection\runs\20260704_213802_berrymtl_centerdet_hitile_quality_seed42
berrymtl_centerdet_hitile_quality,BerryMTL-HiTile-QualityDet (ours),0.15,0.0009309731722065,0.28590407448765387,0.4071504802561366,0.7134174848059841,0.4028415289132821,0.4378335112059765,0.7671809256661991,.\outputs\fresh_benchmark_514\03_detection\runs\20260704_213802_berrymtl_centerdet_hitile_quality_seed42
berrymtl_centerdet_hitile_quality,BerryMTL-HiTile-QualityDet (ours),0.2,0.0009309731722065,0.24960719927581412,0.33511205976520814,0.7869674185463659,0.33923440616762945,0.35859124866595515,0.8421052631578947,.\outputs\fresh_benchmark_514\03_detection\runs\20260704_213802_berrymtl_centerdet_hitile_quality_seed42
berrymtl_centerdet_hitile_quality,BerryMTL-HiTile-QualityDet (ours),0.3,0.0009309731722065,0.16291444378585293,0.18623265741728923,0.8983268983268984,0.1951131706175354,0.19850586979722518,0.9575289575289575,.\outputs\fresh_benchmark_514\03_detection\runs\20260704_213802_berrymtl_centerdet_hitile_quality_seed42
berrymtl_centerdet_hitile_quality,BerryMTL-HiTile-QualityDet (ours),0.5,0.0009309731722065,0.00967389201656961,0.006670224119530417,0.9259259259259259,0.00720384204909285,0.00720384204909285,1.0,.\outputs\fresh_benchmark_514\03_detection\runs\20260704_213802_berrymtl_centerdet_hitile_quality_seed42
berrymtl_centerdet_decoupled_residual,BerryMTL-DecoupledCenterDet+ResidualCount (ours),0.0,0.0151184812258367,0.2710051043049887,0.477854855923159,0.16255218732982393,0.409686765775755,0.5269477054429029,0.17925213287347977,.\outputs\fresh_benchmark_514\03_detection\runs\20260704_204408_berrymtl_centerdet_decoupled_residual_seed42
berrymtl_centerdet_decoupled_residual,BerryMTL-DecoupledCenterDet+ResidualCount (ours),0.03,0.0151184812258367,0.2710051043049887,0.477854855923159,0.16378600823045267,0.4096386251120018,0.5266808964781217,0.1805212620027435,.\outputs\fresh_benchmark_514\03_detection\runs\20260704_204408_berrymtl_centerdet_decoupled_residual_seed42
berrymtl_centerdet_decoupled_residual,BerryMTL-DecoupledCenterDet+ResidualCount (ours),0.05,0.0151184812258367,0.2710051043049887,0.477854855923159,0.17036050604014077,0.4096386251120018,0.5266808964781217,0.18776752592028917,.\outputs\fresh_benchmark_514\03_detection\runs\20260704_204408_berrymtl_centerdet_decoupled_residual_seed42
berrymtl_centerdet_decoupled_residual,BerryMTL-DecoupledCenterDet+ResidualCount (ours),0.08,0.0151184812258367,0.2709336796994605,0.47652081109925293,0.2358067071560602,0.4092981164710855,0.5250800426894343,0.25983628201742803,.\outputs\fresh_benchmark_514\03_detection\runs\20260704_204408_berrymtl_centerdet_decoupled_residual_seed42
berrymtl_centerdet_decoupled_residual,BerryMTL-DecoupledCenterDet+ResidualCount (ours),0.1,0.0151184812258367,0.27074250898346663,0.4746531483457844,0.27310408351243476,0.4086829362861316,0.5229455709711847,0.3008903899293829,.\outputs\fresh_benchmark_514\03_detection\runs\20260704_204408_berrymtl_centerdet_decoupled_residual_seed42
berrymtl_centerdet_decoupled_residual,BerryMTL-DecoupledCenterDet+ResidualCount (ours),0.12,0.0151184812258367,0.27038340614700784,0.47171824973319104,0.3065718744581238,0.4077369059171704,0.5200106723585912,0.3379573435061557,.\outputs\fresh_benchmark_514\03_detection\runs\20260704_204408_berrymtl_centerdet_decoupled_residual_seed42
berrymtl_centerdet_decoupled_residual,BerryMTL-DecoupledCenterDet+ResidualCount (ours),0.15,0.0151184812258367,0.2698974699782771,0.46718249733191036,0.3484577114427861,0.4059274888553678,0.5149413020277481,0.38407960199004976,.\outputs\fresh_benchmark_514\03_detection\runs\20260704_204408_berrymtl_centerdet_decoupled_residual_seed42
berrymtl_centerdet_decoupled_residual,BerryMTL-DecoupledCenterDet+ResidualCount (ours),0.2,0.0151184812258367,0.26863373104891536,0.4594450373532551,0.40327868852459015,0.4021430019573349,0.5058697972251868,0.44402810304449647,.\outputs\fresh_benchmark_514\03_detection\runs\20260704_204408_berrymtl_centerdet_decoupled_residual_seed42
berrymtl_centerdet_decoupled_residual,BerryMTL-DecoupledCenterDet+ResidualCount (ours),0.3,0.0151184812258367,0.2626957766024745,0.43810032017075773,0.4870958172649066,0.39006490608209243,0.4818569903948773,0.5357460694156037,.\outputs\fresh_benchmark_514\03_detection\runs\20260704_204408_berrymtl_centerdet_decoupled_residual_seed42
berrymtl_centerdet_decoupled_residual,BerryMTL-DecoupledCenterDet+ResidualCount (ours),0.5,0.0151184812258367,0.23213228816164536,0.34018143009605123,0.6419939577039275,0.3202229679239662,0.37086446104589116,0.6998992950654582,.\outputs\fresh_benchmark_514\03_detection\runs\20260704_204408_berrymtl_centerdet_decoupled_residual_seed42
berrymtl_centerdet_shared_matched,BerryMTL-SharedCenterDet Matched (ours),0.0,0.0156922228937741,0.2670749646367685,0.4810565635005336,0.18964973177658567,0.4196406826938722,0.528281750266809,0.20826759230041023,.\outputs\fresh_benchmark_514\03_detection\runs\20260704_205702_berrymtl_centerdet_shared_matched_seed42
berrymtl_centerdet_shared_matched,BerryMTL-SharedCenterDet Matched (ours),0.03,0.0156922228937741,0.2670749646367685,0.4810565635005336,0.1909755322529393,0.4196406826938722,0.528281750266809,0.20972354623450906,.\outputs\fresh_benchmark_514\03_detection\runs\20260704_205702_berrymtl_centerdet_shared_matched_seed42
berrymtl_centerdet_shared_matched,BerryMTL-SharedCenterDet Matched (ours),0.05,0.0156922228937741,0.26706023281774827,0.4807897545357524,0.1975010960105217,0.4195844884857809,0.5280149413020278,0.21690048224462954,.\outputs\fresh_benchmark_514\03_detection\runs\20260704_205702_berrymtl_centerdet_shared_matched_seed42
berrymtl_centerdet_shared_matched,BerryMTL-SharedCenterDet Matched (ours),0.08,0.0156922228937741,0.26651270360486773,0.4759871931696905,0.2608187134502924,0.41833923467391243,0.5232123799359658,0.28669590643274856,.\outputs\fresh_benchmark_514\03_detection\runs\20260704_205702_berrymtl_centerdet_shared_matched_seed42
berrymtl_centerdet_shared_matched,BerryMTL-SharedCenterDet Matched (ours),0.1,0.0156922228937741,0.2662875726042882,0.47385272145144075,0.29698996655518395,0.41768130052778807,0.5210779082177162,0.3265886287625418,.\outputs\fresh_benchmark_514\03_detection\runs\20260704_205702_berrymtl_centerdet_shared_matched_seed42
berrymtl_centerdet_shared_matched,BerryMTL-SharedCenterDet Matched (ours),0.12,0.0156922228937741,0.26596629196073723,0.47091782283884737,0.32468727005150844,0.41668633067463556,0.5181430096051227,0.35724797645327444,.\outputs\fresh_benchmark_514\03_detection\runs\20260704_205702_berrymtl_centerdet_shared_matched_seed42
berrymtl_centerdet_shared_matched,BerryMTL-SharedCenterDet Matched (ours),0.15,0.0156922228937741,0.2656069407433229,0.467982924226254,0.3597948717948718,0.41547321873983123,0.5149413020277481,0.3958974358974359,.\outputs\fresh_benchmark_514\03_detection\runs\20260704_205702_berrymtl_centerdet_shared_matched_seed42
berrymtl_centerdet_shared_matched,BerryMTL-SharedCenterDet Matched (ours),0.2,0.0156922228937741,0.26442735895416697,0.4613127001067236,0.4107864100736517,0.41230789225568154,0.5074706510138741,0.4518888096935139,.\outputs\fresh_benchmark_514\03_detection\runs\20260704_205702_berrymtl_centerdet_shared_matched_seed42
berrymtl_centerdet_shared_matched,BerryMTL-SharedCenterDet Matched (ours),0.3,0.0156922228937741,0.2598602100138032,0.4413020277481323,0.48277875072971393,0.40126819111073264,0.4850586979722519,0.5306479859894921,.\outputs\fresh_benchmark_514\03_detection\runs\20260704_205702_berrymtl_centerdet_shared_matched_seed42
berrymtl_centerdet_shared_matched,BerryMTL-SharedCenterDet Matched (ours),0.5,0.0156922228937741,0.23053935956650412,0.35832443970117395,0.6240706319702602,0.34429670259469436,0.39354322305229456,0.6854089219330854,.\outputs\fresh_benchmark_514\03_detection\runs\20260704_205702_berrymtl_centerdet_shared_matched_seed42
berrymtl_centerdet_aligned_highres,BerryMTL-AlignedHighResCenterDet (ours),0.0,0.0085429640511005,0.26470066758080674,0.46985058697972254,0.366875,0.41327671228277635,0.5157417289220918,0.40270833333333333,.\outputs\fresh_benchmark_514\03_detection\runs\20260704_211044_berrymtl_centerdet_aligned_highres_seed42
berrymtl_centerdet_aligned_highres,BerryMTL-AlignedHighResCenterDet (ours),0.03,0.0085429640511005,0.2628553205010863,0.4621131270010672,0.41845856487074173,0.4098081916036066,0.5077374599786553,0.4597728920028992,.\outputs\fresh_benchmark_514\03_detection\runs\20260704_211044_berrymtl_centerdet_aligned_highres_seed42
berrymtl_centerdet_aligned_highres,BerryMTL-AlignedHighResCenterDet (ours),0.05,0.0085429640511005,0.2606500449112619,0.45304162219850586,0.4609120521172638,0.40502242721476606,0.4978655282817503,0.506514657980456,.\outputs\fresh_benchmark_514\03_detection\runs\20260704_211044_berrymtl_centerdet_aligned_highres_seed42
berrymtl_centerdet_aligned_highres,BerryMTL-AlignedHighResCenterDet (ours),0.08,0.0085429640511005,0.2590568244775415,0.4437033084311633,0.5012055455093429,0.39923228678208983,0.4869263607257204,0.5500301386377335,.\outputs\fresh_benchmark_514\03_detection\runs\20260704_211044_berrymtl_centerdet_aligned_highres_seed42
berrymtl_centerdet_aligned_highres,BerryMTL-AlignedHighResCenterDet (ours),0.1,0.0085429640511005,0.25741299889119,0.43703308431163285,0.5175355450236967,0.3952057838971419,0.4797225186766275,0.568088467614534,.\outputs\fresh_benchmark_514\03_detection\runs\20260704_211044_berrymtl_centerdet_aligned_highres_seed42
berrymtl_centerdet_aligned_highres,BerryMTL-AlignedHighResCenterDet (ours),0.12,0.0085429640511005,0.25431704580715647,0.4282283884738527,0.5318091451292246,0.3898110273628279,0.47038420490928495,0.5841616964877402,.\outputs\fresh_benchmark_514\03_detection\runs\20260704_211044_berrymtl_centerdet_aligned_highres_seed42
berrymtl_centerdet_aligned_highres,BerryMTL-AlignedHighResCenterDet (ours),0.15,0.0085429640511005,0.2506595230829797,0.41595517609391675,0.5524450744153083,0.3818648289653337,0.4570437566702241,0.607016300496102,.\outputs\fresh_benchmark_514\03_detection\runs\20260704_211044_berrymtl_centerdet_aligned_highres_seed42
berrymtl_centerdet_aligned_highres,BerryMTL-AlignedHighResCenterDet (ours),0.2,0.0085429640511005,0.24492928966677505,0.39967982924226253,0.5837879968823071,0.3709516875214022,0.439701173959445,0.642244738893219,.\outputs\fresh_benchmark_514\03_detection\runs\20260704_211044_berrymtl_centerdet_aligned_highres_seed42
berrymtl_centerdet_aligned_highres,BerryMTL-AlignedHighResCenterDet (ours),0.3,0.0085429640511005,0.23031107659344272,0.35992529348986124,0.6360207449316361,0.3414195940056519,0.39567769477054426,0.6991984912776992,.\outputs\fresh_benchmark_514\03_detection\runs\20260704_211044_berrymtl_centerdet_aligned_highres_seed42
berrymtl_centerdet_aligned_highres,BerryMTL-AlignedHighResCenterDet (ours),0.5,0.0085429640511005,0.1651038226222506,0.2371931696905016,0.7527519051651143,0.2369128978853889,0.25853788687299895,0.8204911092294666,.\outputs\fresh_benchmark_514\03_detection\runs\20260704_211044_berrymtl_centerdet_aligned_highres_seed42
berrymtl_centerdet_decoupled,BerryMTL-DecoupledCenterDet (ours),0.0,0.0170491945297812,0.26416732271910603,0.474119530416222,0.1358147355548762,0.40052609487698665,0.5197438633938101,0.14888413329257108,.\outputs\fresh_benchmark_514\03_detection\runs\20260704_203343_berrymtl_centerdet_decoupled_seed42
berrymtl_centerdet_decoupled,BerryMTL-DecoupledCenterDet (ours),0.03,0.0170491945297812,0.26416732271910603,0.474119530416222,0.1375280551040941,0.40052609487698665,0.5197438633938101,0.15076232489745375,.\outputs\fresh_benchmark_514\03_detection\runs\20260704_203343_berrymtl_centerdet_decoupled_seed42
berrymtl_centerdet_decoupled,BerryMTL-DecoupledCenterDet (ours),0.05,0.0170491945297812,0.26416732271910603,0.474119530416222,0.1468109715796431,0.40052609487698665,0.5197438633938101,0.16093853271645736,.\outputs\fresh_benchmark_514\03_detection\runs\20260704_203343_berrymtl_centerdet_decoupled_seed42
berrymtl_centerdet_decoupled,BerryMTL-DecoupledCenterDet (ours),0.08,0.0170491945297812,0.26401138549256653,0.47091782283884737,0.19977362761743067,0.39990979846681113,0.5165421558164355,0.21912846632710808,.\outputs\fresh_benchmark_514\03_detection\runs\20260704_203343_berrymtl_centerdet_decoupled_seed42
berrymtl_centerdet_decoupled,BerryMTL-DecoupledCenterDet (ours),0.1,0.0170491945297812,0.26359429472026286,0.46824973319103524,0.23328459391200318,0.3990783202991022,0.5130736392742796,0.2556161105941779,.\outputs\fresh_benchmark_514\03_detection\runs\20260704_203343_berrymtl_centerdet_decoupled_seed42
berrymtl_centerdet_decoupled,BerryMTL-DecoupledCenterDet (ours),0.12,0.0170491945297812,0.26345005707285424,0.46691568836712916,0.2650310464940179,0.39871717487584285,0.5117395944503735,0.29047402695744357,.\outputs\fresh_benchmark_514\03_detection\runs\20260704_203343_berrymtl_centerdet_decoupled_seed42
berrymtl_centerdet_decoupled,BerryMTL-DecoupledCenterDet (ours),0.15,0.0170491945297812,0.2624015921177699,0.4629135538954109,0.3044393753290051,0.3972085125147432,0.5069370330843116,0.3333918231268644,.\outputs\fresh_benchmark_514\03_detection\runs\20260704_203343_berrymtl_centerdet_decoupled_seed42
berrymtl_centerdet_decoupled,BerryMTL-DecoupledCenterDet (ours),0.2,0.0170491945297812,0.2609409635664027,0.45757737459978653,0.3574406002501042,0.39516136049820816,0.5013340448239061,0.39162150896206754,.\outputs\fresh_benchmark_514\03_detection\runs\20260704_203343_berrymtl_centerdet_decoupled_seed42
berrymtl_centerdet_decoupled,BerryMTL-DecoupledCenterDet (ours),0.3,0.0170491945297812,0.25866959192986083,0.4434364994663821,0.4432,0.38793927371884174,0.4850586979722519,0.4848,.\outputs\fresh_benchmark_514\03_detection\runs\20260704_203343_berrymtl_centerdet_decoupled_seed42
berrymtl_centerdet_decoupled,BerryMTL-DecoupledCenterDet (ours),0.5,0.0170491945297812,0.22092271859465246,0.35378868729989327,0.6071428571428571,0.3297047681751419,0.3839381003201708,0.6588827838827839,.\outputs\fresh_benchmark_514\03_detection\runs\20260704_203343_berrymtl_centerdet_decoupled_seed42
berrymtl_centerdet_tiletrain,BerryMTL-AgnosticCenter+ROI TileTrain (ours),0.0,0.0164487171957337,0.2627867447085836,0.4637139807897545,0.11861861861861862,0.38295085292412645,0.5072038420490929,0.12974337974337974,.\outputs\fresh_benchmark_514\03_detection\runs\20260704_201336_berrymtl_centerdet_tiletrain_seed42
berrymtl_centerdet_tiletrain,BerryMTL-AgnosticCenter+ROI TileTrain (ours),0.03,0.0164487171957337,0.2627867447085836,0.4637139807897545,0.1205437647385213,0.38295085292412645,0.5072038420490929,0.13184907754196143,.\outputs\fresh_benchmark_514\03_detection\runs\20260704_201336_berrymtl_centerdet_tiletrain_seed42
berrymtl_centerdet_tiletrain,BerryMTL-AgnosticCenter+ROI TileTrain (ours),0.05,0.0164487171957337,0.26274225702377263,0.4634471718249733,0.1307883442511859,0.38291377932994114,0.5069370330843116,0.1430615164520744,.\outputs\fresh_benchmark_514\03_detection\runs\20260704_201336_berrymtl_centerdet_tiletrain_seed42
berrymtl_centerdet_tiletrain,BerryMTL-AgnosticCenter+ROI TileTrain (ours),0.08,0.0164487171957337,0.26257454321741197,0.4607790821771611,0.20062732342007436,0.3822627062530114,0.5034685165421559,0.21921468401486988,.\outputs\fresh_benchmark_514\03_detection\runs\20260704_201336_berrymtl_centerdet_tiletrain_seed42
berrymtl_centerdet_tiletrain,BerryMTL-AgnosticCenter+ROI TileTrain (ours),0.1,0.0164487171957337,0.26239592346094537,0.4578441835645678,0.24043715846994534,0.38154944237782323,0.5005336179295624,0.26285554154406615,.\outputs\fresh_benchmark_514\03_detection\runs\20260704_201336_berrymtl_centerdet_tiletrain_seed42
berrymtl_centerdet_tiletrain,BerryMTL-AgnosticCenter+ROI TileTrain (ours),0.12,0.0164487171957337,0.2623000398128308,0.4565101387406617,0.27650290885585005,0.38110119232471784,0.4989327641408751,0.3021978021978022,.\outputs\fresh_benchmark_514\03_detection\runs\20260704_201336_berrymtl_centerdet_tiletrain_seed42
berrymtl_centerdet_tiletrain,BerryMTL-AgnosticCenter+ROI TileTrain (ours),0.15,0.0164487171957337,0.2616316655371663,0.45197438633938103,0.31758530183727035,0.37962144939179565,0.49439701173959444,0.34739407574053244,.\outputs\fresh_benchmark_514\03_detection\runs\20260704_201336_berrymtl_centerdet_tiletrain_seed42
berrymtl_centerdet_tiletrain,BerryMTL-AgnosticCenter+ROI TileTrain (ours),0.2,0.0164487171957337,0.26077209761332604,0.4442369263607257,0.3783231083844581,0.3763278084387892,0.4858591248665955,0.41376959781867756,.\outputs\fresh_benchmark_514\03_detection\runs\20260704_201336_berrymtl_centerdet_tiletrain_seed42
berrymtl_centerdet_tiletrain,BerryMTL-AgnosticCenter+ROI TileTrain (ours),0.3,0.0164487171957337,0.25221097637911993,0.4194236926360726,0.4705178090392098,0.3635423491412956,0.4586446104589114,0.5145166117928763,.\outputs\fresh_benchmark_514\03_detection\runs\20260704_201336_berrymtl_centerdet_tiletrain_seed42
berrymtl_centerdet_tiletrain,BerryMTL-AgnosticCenter+ROI TileTrain (ours),0.5,0.0164487171957337,0.2003953605755663,0.30176093916755603,0.6610169491525424,0.28130582727168796,0.3271077908217716,0.7165400350672122,.\outputs\fresh_benchmark_514\03_detection\runs\20260704_201336_berrymtl_centerdet_tiletrain_seed42
berrymtl_centerdet_agnostic,BerryMTL-AgnosticCenter+ROI (ours),0.0,0.0276935539230578,0.2577111440474294,0.4394343649946638,0.08268072289156626,0.35756250532821876,0.4810565635005336,0.09051204819277109,.\outputs\fresh_benchmark_514\03_detection\runs\20260704_195709_berrymtl_centerdet_agnostic_seed42
berrymtl_centerdet_agnostic,BerryMTL-AgnosticCenter+ROI (ours),0.03,0.0276935539230578,0.2577111440474294,0.4394343649946638,0.08269317668323543,0.35756250532821876,0.4810565635005336,0.09052568157855098,.\outputs\fresh_benchmark_514\03_detection\runs\20260704_195709_berrymtl_centerdet_agnostic_seed42
berrymtl_centerdet_agnostic,BerryMTL-AgnosticCenter+ROI (ours),0.05,0.0276935539230578,0.2577111440474294,0.4394343649946638,0.08473965836591892,0.35756250532821876,0.4810565635005336,0.09276600123482198,.\outputs\fresh_benchmark_514\03_detection\runs\20260704_195709_berrymtl_centerdet_agnostic_seed42
berrymtl_centerdet_agnostic,BerryMTL-AgnosticCenter+ROI (ours),0.08,0.0276935539230578,0.2576722195436086,0.4389007470651014,0.0962889253102318,0.35750822880461347,0.4805229455709712,0.10542027628190119,.\outputs\fresh_benchmark_514\03_detection\runs\20260704_195709_berrymtl_centerdet_agnostic_seed42
berrymtl_centerdet_agnostic,BerryMTL-AgnosticCenter+ROI (ours),0.1,0.0276935539230578,0.2576722195436086,0.4389007470651014,0.11058823529411765,0.3574779634556451,0.48025613660619,0.12100840336134454,.\outputs\fresh_benchmark_514\03_detection\runs\20260704_195709_berrymtl_centerdet_agnostic_seed42
berrymtl_centerdet_agnostic,BerryMTL-AgnosticCenter+ROI (ours),0.12,0.0276935539230578,0.25757826359929087,0.4375667022411953,0.16224772457459438,0.35714739583886523,0.4781216648879402,0.1772853185595568,.\outputs\fresh_benchmark_514\03_detection\runs\20260704_195709_berrymtl_centerdet_agnostic_seed42
berrymtl_centerdet_agnostic,BerryMTL-AgnosticCenter+ROI (ours),0.15,0.0276935539230578,0.2571771398473844,0.43276414087513343,0.27970339713743747,0.3557717153703081,0.47251867662753466,0.3053974823245387,.\outputs\fresh_benchmark_514\03_detection\runs\20260704_195709_berrymtl_centerdet_agnostic_seed42
berrymtl_centerdet_agnostic,BerryMTL-AgnosticCenter+ROI (ours),0.2,0.0276935539230578,0.25321512236750865,0.4151547491995731,0.4072232399895315,0.34877265839923133,0.45437566702241194,0.44569484428160167,.\outputs\fresh_benchmark_514\03_detection\runs\20260704_195709_berrymtl_centerdet_agnostic_seed42
berrymtl_centerdet_agnostic,BerryMTL-AgnosticCenter+ROI (ours),0.3,0.0276935539230578,0.23926601291216615,0.37566702241195304,0.5495706479313037,0.32349091449554307,0.4071504802561366,0.5956284153005464,.\outputs\fresh_benchmark_514\03_detection\runs\20260704_195709_berrymtl_centerdet_agnostic_seed42
berrymtl_centerdet_agnostic,BerryMTL-AgnosticCenter+ROI (ours),0.5,0.0276935539230578,0.11837634005541431,0.163820704375667,0.7742749054224464,0.15680420253317945,0.17609391675560299,0.832282471626734,.\outputs\fresh_benchmark_514\03_detection\runs\20260704_195709_berrymtl_centerdet_agnostic_seed42
berrymtl_centerdet_highres_residual,BerryMTL-HighResCenterDet+ResidualCount (ours),0.0,0.0085190026413268,0.2458363751799574,0.4455709711846318,0.06231110779448528,0.3586867467224319,0.48986125933831376,0.06850490653333831,.\outputs\fresh_benchmark_514\03_detection\runs\20260704_212919_berrymtl_centerdet_highres_residual_seed42
berrymtl_centerdet_highres_residual,BerryMTL-HighResCenterDet+ResidualCount (ours),0.03,0.0085190026413268,0.24582282497195931,0.4450373532550694,0.1003489351461918,0.3586326662053918,0.48932764140875135,0.11033569967512935,.\outputs\fresh_benchmark_514\03_detection\runs\20260704_212919_berrymtl_centerdet_highres_residual_seed42
berrymtl_centerdet_highres_residual,BerryMTL-HighResCenterDet+ResidualCount (ours),0.05,0.0085190026413268,0.24574413786057536,0.4431696905016009,0.16260401370533528,0.35832605728715616,0.48745997865528284,0.17885462555066078,.\outputs\fresh_benchmark_514\03_detection\runs\20260704_212919_berrymtl_centerdet_highres_residual_seed42
berrymtl_centerdet_highres_residual,BerryMTL-HighResCenterDet+ResidualCount (ours),0.08,0.0085190026413268,0.24540384705943588,0.4386339381003202,0.2381573229030856,0.3571305028986643,0.4821237993596585,0.2617702448210923,.\outputs\fresh_benchmark_514\03_detection\runs\20260704_212919_berrymtl_centerdet_highres_residual_seed42
berrymtl_centerdet_highres_residual,BerryMTL-HighResCenterDet+ResidualCount (ours),0.1,0.0085190026413268,0.2451004498679171,0.4356990394877268,0.2740852635112454,0.3562962008045508,0.4791889007470651,0.30144343739509905,.\outputs\fresh_benchmark_514\03_detection\runs\20260704_212919_berrymtl_centerdet_highres_residual_seed42
berrymtl_centerdet_highres_residual,BerryMTL-HighResCenterDet+ResidualCount (ours),0.12,0.0085190026413268,0.24456816195405762,0.43062966915688367,0.30418394270637017,0.3544992302160374,0.47358591248665954,0.33452695062193744,.\outputs\fresh_benchmark_514\03_detection\runs\20260704_212919_berrymtl_centerdet_highres_residual_seed42
berrymtl_centerdet_highres_residual,BerryMTL-HighResCenterDet+ResidualCount (ours),0.15,0.0085190026413268,0.24407633676366575,0.426093916755603,0.3413122462064544,0.3526827767844004,0.46851654215581645,0.3752938662107288,.\outputs\fresh_benchmark_514\03_detection\runs\20260704_212919_berrymtl_centerdet_highres_residual_seed42
berrymtl_centerdet_highres_residual,BerryMTL-HighResCenterDet+ResidualCount (ours),0.2,0.0085190026413268,0.24220972720078304,0.4170224119530416,0.388130121678669,0.3486073660806326,0.4583778014941302,0.42662031288800595,.\outputs\fresh_benchmark_514\03_detection\runs\20260704_212919_berrymtl_centerdet_highres_residual_seed42
berrymtl_centerdet_highres_residual,BerryMTL-HighResCenterDet+ResidualCount (ours),0.3,0.0085190026413268,0.2351761811906779,0.39327641408751335,0.465865992414665,0.3359250933566184,0.43196371398078975,0.5116940581542352,.\outputs\fresh_benchmark_514\03_detection\runs\20260704_212919_berrymtl_centerdet_highres_residual_seed42
berrymtl_centerdet_highres_residual,BerryMTL-HighResCenterDet+ResidualCount (ours),0.5,0.0085190026413268,0.20273622993424883,0.3084311632870864,0.6087414428646656,0.27877198621731336,0.33537886872998934,0.6619273301737757,.\outputs\fresh_benchmark_514\03_detection\runs\20260704_212919_berrymtl_centerdet_highres_residual_seed42
berrymtl_centerdet_plus,BerryMTL-CenterDet+Contrastive (ours),0.0,0.0136462401224821,0.2385530240280352,0.4583778014941302,0.08603335169512745,0.3199238254962422,0.5066702241195304,0.09509740097150583,.\outputs\fresh_benchmark_514\03_detection\runs\20260704_194814_berrymtl_centerdet_plus_seed42
berrymtl_centerdet_plus,BerryMTL-CenterDet+Contrastive (ours),0.03,0.0136462401224821,0.2385530240280352,0.4583778014941302,0.08757263737384036,0.3199238254962422,0.5066702241195304,0.09679885819145682,.\outputs\fresh_benchmark_514\03_detection\runs\20260704_194814_berrymtl_centerdet_plus_seed42
berrymtl_centerdet_plus,BerryMTL-CenterDet+Contrastive (ours),0.05,0.0136462401224821,0.23854570087497376,0.458110992529349,0.09541539316476799,0.3198698579687973,0.506136606189968,0.1054181717143651,.\outputs\fresh_benchmark_514\03_detection\runs\20260704_194814_berrymtl_centerdet_plus_seed42
berrymtl_centerdet_plus,BerryMTL-CenterDet+Contrastive (ours),0.08,0.0136462401224821,0.23770564283961243,0.45384204909284953,0.12772188016218652,0.31932768322698013,0.5018676627534685,0.14123742303649198,.\outputs\fresh_benchmark_514\03_detection\runs\20260704_194814_berrymtl_centerdet_plus_seed42
berrymtl_centerdet_plus,BerryMTL-CenterDet+Contrastive (ours),0.1,0.0136462401224821,0.23741921005565803,0.45064034151547494,0.15602771362586604,0.318589863243173,0.4973319103521878,0.17219399538106236,.\outputs\fresh_benchmark_514\03_detection\runs\20260704_194814_berrymtl_centerdet_plus_seed42
berrymtl_centerdet_plus,BerryMTL-CenterDet+Contrastive (ours),0.12,0.0136462401224821,0.2367622446392923,0.44797225186766276,0.18265883376849434,0.3179309582683541,0.493863393810032,0.20137075718015665,.\outputs\fresh_benchmark_514\03_detection\runs\20260704_194814_berrymtl_centerdet_plus_seed42
berrymtl_centerdet_plus,BerryMTL-CenterDet+Contrastive (ours),0.15,0.0136462401224821,0.2353855385974434,0.4426360725720384,0.22271445831655257,0.3162820105894377,0.48639274279615796,0.244730836353873,.\outputs\fresh_benchmark_514\03_detection\runs\20260704_194814_berrymtl_centerdet_plus_seed42
berrymtl_centerdet_plus,BerryMTL-CenterDet+Contrastive (ours),0.2,0.0136462401224821,0.2308064402795861,0.43143009605122734,0.29056603773584905,0.311929442967927,0.47091782283884737,0.31716082659478884,.\outputs\fresh_benchmark_514\03_detection\runs\20260704_194814_berrymtl_centerdet_plus_seed42
berrymtl_centerdet_plus,BerryMTL-CenterDet+Contrastive (ours),0.3,0.0136462401224821,0.21437240529984752,0.40154749199573103,0.42370495495495497,0.2955902886634667,0.4295624332977588,0.45326576576576577,.\outputs\fresh_benchmark_514\03_detection\runs\20260704_194814_berrymtl_centerdet_plus_seed42
berrymtl_centerdet_plus,BerryMTL-CenterDet+Contrastive (ours),0.5,0.0136462401224821,0.09309441634142876,0.211846318036286,0.6803770351328192,0.1681098393352436,0.217982924226254,0.7000856898029134,.\outputs\fresh_benchmark_514\03_detection\runs\20260704_194814_berrymtl_centerdet_plus_seed42
berrymtl_roi_attention,BerryMTL-ROI-Attention (ours),0.0,0.1595724511756913,0.21708376862773693,0.27854855923159016,0.393516773464003,0.23660681602655126,0.3121664887940235,0.4410101771579344,.\outputs\fresh_benchmark_514\03_detection\runs\20260704_184154_berrymtl_roi_attention_seed42
berrymtl_roi_attention,BerryMTL-ROI-Attention (ours),0.03,0.1595724511756913,0.21708376862773693,0.27854855923159016,0.393516773464003,0.23660681602655126,0.3121664887940235,0.4410101771579344,.\outputs\fresh_benchmark_514\03_detection\runs\20260704_184154_berrymtl_roi_attention_seed42
berrymtl_roi_attention,BerryMTL-ROI-Attention (ours),0.05,0.1595724511756913,0.21708376862773693,0.27854855923159016,0.393516773464003,0.23660681602655126,0.3121664887940235,0.4410101771579344,.\outputs\fresh_benchmark_514\03_detection\runs\20260704_184154_berrymtl_roi_attention_seed42
berrymtl_roi_attention,BerryMTL-ROI-Attention (ours),0.08,0.1595724511756913,0.21708376862773693,0.27854855923159016,0.393516773464003,0.23660681602655126,0.3121664887940235,0.4410101771579344,.\outputs\fresh_benchmark_514\03_detection\runs\20260704_184154_berrymtl_roi_attention_seed42
berrymtl_roi_attention,BerryMTL-ROI-Attention (ours),0.1,0.1595724511756913,0.21708376862773693,0.27854855923159016,0.393516773464003,0.23660681602655126,0.3121664887940235,0.4410101771579344,.\outputs\fresh_benchmark_514\03_detection\runs\20260704_184154_berrymtl_roi_attention_seed42
berrymtl_roi_attention,BerryMTL-ROI-Attention (ours),0.12,0.1595724511756913,0.21708376862773693,0.27854855923159016,0.393516773464003,0.23660681602655126,0.3121664887940235,0.4410101771579344,.\outputs\fresh_benchmark_514\03_detection\runs\20260704_184154_berrymtl_roi_attention_seed42
berrymtl_roi_attention,BerryMTL-ROI-Attention (ours),0.15,0.1595724511756913,0.21708376862773693,0.27854855923159016,0.393516773464003,0.23660681602655126,0.3121664887940235,0.4410101771579344,.\outputs\fresh_benchmark_514\03_detection\runs\20260704_184154_berrymtl_roi_attention_seed42
berrymtl_roi_attention,BerryMTL-ROI-Attention (ours),0.2,0.1595724511756913,0.21708376862773693,0.27854855923159016,0.3939622641509434,0.23660681602655126,0.3121664887940235,0.44150943396226416,.\outputs\fresh_benchmark_514\03_detection\runs\20260704_184154_berrymtl_roi_attention_seed42
berrymtl_roi_attention,BerryMTL-ROI-Attention (ours),0.3,0.1595724511756913,0.21708376862773693,0.27854855923159016,0.3957543593631539,0.23660681602655126,0.3121664887940235,0.44351781652767247,.\outputs\fresh_benchmark_514\03_detection\runs\20260704_184154_berrymtl_roi_attention_seed42
berrymtl_roi_attention,BerryMTL-ROI-Attention (ours),0.5,0.1595724511756913,0.21569758224451335,0.27694770544290287,0.4145367412140575,0.23515656434361265,0.3089647812166489,0.46246006389776356,.\outputs\fresh_benchmark_514\03_detection\runs\20260704_184154_berrymtl_roi_attention_seed42
berrymtl_centerdet,BerryMTL-CenterDet (ours),0.0,0.0166653478030243,0.2086692857376727,0.4292956243329776,0.06987449515785817,0.2941284357990065,0.4743863393810032,0.07721370564988926,.\outputs\fresh_benchmark_514\03_detection\runs\20260704_192212_berrymtl_centerdet_seed42
berrymtl_centerdet,BerryMTL-CenterDet (ours),0.03,0.0166653478030243,0.2086692857376727,0.4292956243329776,0.07037879450616744,0.2941284357990065,0.4743863393810032,0.07777097366809553,.\outputs\fresh_benchmark_514\03_detection\runs\20260704_192212_berrymtl_centerdet_seed42
berrymtl_centerdet,BerryMTL-CenterDet (ours),0.05,0.0166653478030243,0.20866295000506624,0.42902881536819637,0.07518937622743851,0.2941067088438274,0.474119530416222,0.08309174226129243,.\outputs\fresh_benchmark_514\03_detection\runs\20260704_192212_berrymtl_centerdet_seed42
berrymtl_centerdet,BerryMTL-CenterDet (ours),0.08,0.0166653478030243,0.20835781748024435,0.4252934898612593,0.10016967259473386,0.2936933125242555,0.46985058697972254,0.1106642367875322,.\outputs\fresh_benchmark_514\03_detection\runs\20260704_192212_berrymtl_centerdet_seed42
berrymtl_centerdet,BerryMTL-CenterDet (ours),0.1,0.0166653478030243,0.20745273568911743,0.4212913553895411,0.1326222072904418,0.2930047301440952,0.4645144076840982,0.1462287922056106,.\outputs\fresh_benchmark_514\03_detection\runs\20260704_192212_berrymtl_centerdet_seed42
berrymtl_centerdet,BerryMTL-CenterDet (ours),0.12,0.0166653478030243,0.20679912040139495,0.41595517609391675,0.16723878995923622,0.29183315677107785,0.45757737459978653,0.18397339626689552,.\outputs\fresh_benchmark_514\03_detection\runs\20260704_192212_berrymtl_centerdet_seed42
berrymtl_centerdet,BerryMTL-CenterDet (ours),0.15,0.0166653478030243,0.20465524504253726,0.41008537886873,0.2250036597862685,0.28963807424691923,0.4471718249733191,0.24535207143902796,.\outputs\fresh_benchmark_514\03_detection\runs\20260704_192212_berrymtl_centerdet_seed42
berrymtl_centerdet,BerryMTL-CenterDet (ours),0.2,0.0166653478030243,0.19727422066839023,0.39434364994663823,0.30868838763575607,0.2841573843597846,0.4282283884738527,0.33521303258145363,.\outputs\fresh_benchmark_514\03_detection\runs\20260704_192212_berrymtl_centerdet_seed42
berrymtl_centerdet,BerryMTL-CenterDet (ours),0.3,0.0166653478030243,0.16847066831274465,0.35032017075773747,0.4491960314745125,0.260307577660903,0.3703308431163287,0.4748546014368799,.\outputs\fresh_benchmark_514\03_detection\runs\20260704_192212_berrymtl_centerdet_seed42
berrymtl_centerdet,BerryMTL-CenterDet (ours),0.5,0.0166653478030243,0.06853879269053116,0.16835645677694772,0.6851248642779587,0.14194065188607083,0.17422625400213448,0.7090119435396308,.\outputs\fresh_benchmark_514\03_detection\runs\20260704_192212_berrymtl_centerdet_seed42
berrymtl_roi_attention_ft,BerryMTL-ROI-Attention FT (ours),0.0,0.2468767464160919,0.16480333262408636,0.20944503735325506,0.34160139251523064,0.14925499465876088,0.23665955176093917,0.38598781549173194,.\outputs\fresh_benchmark_514\03_detection\runs\20260704_190948_berrymtl_roi_attention_ft_seed42
berrymtl_roi_attention_ft,BerryMTL-ROI-Attention FT (ours),0.03,0.2468767464160919,0.16480333262408636,0.20944503735325506,0.34160139251523064,0.14925499465876088,0.23665955176093917,0.38598781549173194,.\outputs\fresh_benchmark_514\03_detection\runs\20260704_190948_berrymtl_roi_attention_ft_seed42
berrymtl_roi_attention_ft,BerryMTL-ROI-Attention FT (ours),0.05,0.2468767464160919,0.16480333262408636,0.20944503735325506,0.34160139251523064,0.14925499465876088,0.23665955176093917,0.38598781549173194,.\outputs\fresh_benchmark_514\03_detection\runs\20260704_190948_berrymtl_roi_attention_ft_seed42
berrymtl_roi_attention_ft,BerryMTL-ROI-Attention FT (ours),0.08,0.2468767464160919,0.16480333262408636,0.20944503735325506,0.34160139251523064,0.14925499465876088,0.23665955176093917,0.38598781549173194,.\outputs\fresh_benchmark_514\03_detection\runs\20260704_190948_berrymtl_roi_attention_ft_seed42
berrymtl_roi_attention_ft,BerryMTL-ROI-Attention FT (ours),0.1,0.2468767464160919,0.16480333262408636,0.20944503735325506,0.34160139251523064,0.14925499465876088,0.23665955176093917,0.38598781549173194,.\outputs\fresh_benchmark_514\03_detection\runs\20260704_190948_berrymtl_roi_attention_ft_seed42
berrymtl_roi_attention_ft,BerryMTL-ROI-Attention FT (ours),0.12,0.2468767464160919,0.16480333262408636,0.20944503735325506,0.34160139251523064,0.14925499465876088,0.23665955176093917,0.38598781549173194,.\outputs\fresh_benchmark_514\03_detection\runs\20260704_190948_berrymtl_roi_attention_ft_seed42
berrymtl_roi_attention_ft,BerryMTL-ROI-Attention FT (ours),0.15,0.2468767464160919,0.16480333262408636,0.20944503735325506,0.34160139251523064,0.14925499465876088,0.23665955176093917,0.38598781549173194,.\outputs\fresh_benchmark_514\03_detection\runs\20260704_190948_berrymtl_roi_attention_ft_seed42
berrymtl_roi_attention_ft,BerryMTL-ROI-Attention FT (ours),0.2,0.2468767464160919,0.16480333262408636,0.20944503735325506,0.34160139251523064,0.14925499465876088,0.23665955176093917,0.38598781549173194,.\outputs\fresh_benchmark_514\03_detection\runs\20260704_190948_berrymtl_roi_attention_ft_seed42
berrymtl_roi_attention_ft,BerryMTL-ROI-Attention FT (ours),0.3,0.2468767464160919,0.16480333262408636,0.20944503735325506,0.34279475982532753,0.14925499465876088,0.23665955176093917,0.38733624454148474,.\outputs\fresh_benchmark_514\03_detection\runs\20260704_190948_berrymtl_roi_attention_ft_seed42
berrymtl_roi_attention_ft,BerryMTL-ROI-Attention FT (ours),0.5,0.2468767464160919,0.16103267017145742,0.20624332977588047,0.3834325396825397,0.14684803232410845,0.2307897545357524,0.4290674603174603,.\outputs\fresh_benchmark_514\03_detection\runs\20260704_190948_berrymtl_roi_attention_ft_seed42
berrymtl_unified,BerryMTL-ConvNeXtV2 (ours),0.0,0.2820864915847778,0.16235275694012913,0.20410885805763074,0.3474114441416894,0.14603487075001706,0.2291889007470651,0.39009990917347864,.\outputs\fresh_benchmark_514\03_detection\runs\20260704_183037_berrymtl_unified_seed42
berrymtl_unified,BerryMTL-ConvNeXtV2 (ours),0.03,0.2820864915847778,0.16235275694012913,0.20410885805763074,0.3474114441416894,0.14603487075001706,0.2291889007470651,0.39009990917347864,.\outputs\fresh_benchmark_514\03_detection\runs\20260704_183037_berrymtl_unified_seed42
berrymtl_unified,BerryMTL-ConvNeXtV2 (ours),0.05,0.2820864915847778,0.16235275694012913,0.20410885805763074,0.3474114441416894,0.14603487075001706,0.2291889007470651,0.39009990917347864,.\outputs\fresh_benchmark_514\03_detection\runs\20260704_183037_berrymtl_unified_seed42
berrymtl_unified,BerryMTL-ConvNeXtV2 (ours),0.08,0.2820864915847778,0.16235275694012913,0.20410885805763074,0.3474114441416894,0.14603487075001706,0.2291889007470651,0.39009990917347864,.\outputs\fresh_benchmark_514\03_detection\runs\20260704_183037_berrymtl_unified_seed42
berrymtl_unified,BerryMTL-ConvNeXtV2 (ours),0.1,0.2820864915847778,0.16235275694012913,0.20410885805763074,0.3474114441416894,0.14603487075001706,0.2291889007470651,0.39009990917347864,.\outputs\fresh_benchmark_514\03_detection\runs\20260704_183037_berrymtl_unified_seed42
berrymtl_unified,BerryMTL-ConvNeXtV2 (ours),0.12,0.2820864915847778,0.16235275694012913,0.20410885805763074,0.3474114441416894,0.14603487075001706,0.2291889007470651,0.39009990917347864,.\outputs\fresh_benchmark_514\03_detection\runs\20260704_183037_berrymtl_unified_seed42
berrymtl_unified,BerryMTL-ConvNeXtV2 (ours),0.15,0.2820864915847778,0.16235275694012913,0.20410885805763074,0.3474114441416894,0.14603487075001706,0.2291889007470651,0.39009990917347864,.\outputs\fresh_benchmark_514\03_detection\runs\20260704_183037_berrymtl_unified_seed42
berrymtl_unified,BerryMTL-ConvNeXtV2 (ours),0.2,0.2820864915847778,0.16235275694012913,0.20410885805763074,0.3474114441416894,0.14603487075001706,0.2291889007470651,0.39009990917347864,.\outputs\fresh_benchmark_514\03_detection\runs\20260704_183037_berrymtl_unified_seed42
berrymtl_unified,BerryMTL-ConvNeXtV2 (ours),0.3,0.2820864915847778,0.16235275694012913,0.20410885805763074,0.34756928668786913,0.14603487075001706,0.2291889007470651,0.3902771467514766,.\outputs\fresh_benchmark_514\03_detection\runs\20260704_183037_berrymtl_unified_seed42
berrymtl_unified,BerryMTL-ConvNeXtV2 (ours),0.5,0.2820864915847778,0.1599870296566342,0.2017075773745998,0.37894736842105264,0.14503682865608958,0.22678762006403416,0.42606516290726815,.\outputs\fresh_benchmark_514\03_detection\runs\20260704_183037_berrymtl_unified_seed42
